Title,Author,ISBN,Circulation,Library
Dunkirk,NA,883929570713,111,St. Anthony Park
Black Panther,NA,9786317233195,104,St. Anthony Park
The greatest showman,NA,024543327912,93,St. Anthony Park
Blade runner 2049,NA,883929571888,89,St. Anthony Park
The shape of water,NA,024543417675,86,St. Anthony Park
"Three billboards outside Ebbing, Missouri",NA,024543416319,82,St. Anthony Park
Garfield listens to his gut : his 62nd book,"Davis, Jim, 1945 July 28- author, illustrator.",9780425285572,80,St. Anthony Park
Coco,NA,786936856255,80,St. Anthony Park
"Star wars, the last jedi.",NA,786936856996,79,St. Anthony Park
The Post,NA,024543470854,79,St. Anthony Park
Thor. Ragnarok,NA,786936855906,77,St. Anthony Park
People 2018.,NA,NA,74,St. Anthony Park
Wonder,NA,031398259282,71,St. Anthony Park
Garfield cooks up trouble,"Davis, Jim, 1945 July 28- author, illustrator.",9780425285626,70,St. Anthony Park
Jumanji. Welcome to the jungle / Columbia Pictures presents ; a Matt Tolmach,NA,043396488526,69,St. Anthony Park
Darkest hour,NA,025192396717,68,St. Anthony Park
Ready player one,NA,883929621422,68,St. Anthony Park
Solo : a Star Wars story,NA,786936859133,65,St. Anthony Park
Justice League,NA,883929572045,63,St. Anthony Park
Ocean's 8,NA,883929623099,62,St. Anthony Park
New York Times Magazine 2018.,NA,NA,60,St. Anthony Park
Lady Bird,NA,031398277460,60,St. Anthony Park
Red sparrow,NA,024543418009,60,St. Anthony Park
Avengers: infinity war,NA,786936856910,60,St. Anthony Park
The Pups save the bunnies,NA,110193168X,59,St. Anthony Park
Paw patrol on the roll!,NA,1101938676,57,St. Anthony Park
Battle of the sexes,NA,024543330370,56,St. Anthony Park
Murder on the Orient Express,NA,024543393979,56,St. Anthony Park
New Yorker 2018.,NA,NA,55,St. Anthony Park
A wrinkle in time,NA,786936856392,55,St. Anthony Park
Garfield thinks big,"Davis, Jim, 1945 July 28- author, artist.",9780425285169,54,St. Anthony Park
We love friendship day!,"Stokes, Michael E., author of teleplay.",9780399558771,54,St. Anthony Park
"I, Tonya",NA,9786317175082,54,St. Anthony Park
Garfield dishes it out : his 27th book,"Davis, Jim, 1945 July 28-",9780345525956,53,St. Anthony Park
"Garfield, tons of fun","Davis, Jim, 1945 July 28-",0345526015,53,St. Anthony Park
Pup-fu power!,NA,0399555951,52,St. Anthony Park
Ant-man and The Wasp,NA,786936858969,51,St. Anthony Park
Despicable me 3,NA,025192367663,50,St. Anthony Park
Paddington. 2,NA,883929632398,50,St. Anthony Park
"Wonder Woman / directed by Patty Jenkins ; screenplay by Allan Heinberg ; produced by Charles Roven ; produced by Deborah Snyder, Zack Snyder ; produced by Richard Suckle ; a Warner Bros. Pictures presentation ; in association with Rat-Pac Dune Entertainment, Tencent Pictures and Wanda Pictures ; an Atlas Entertainment",NA,883929552979,49,St. Anthony Park
Diary of a wimpy kid : the getaway,"Kinney, Jeff, author, illustrator.",9781419725456,49,St. Anthony Park
New York Times Book Review 2018.,NA,NA,49,St. Anthony Park
Isle of dogs,NA,024543460176,49,St. Anthony Park
Diary of a wimpy kid : old school,"Kinney, Jeff.",9781419717017,48,St. Anthony Park
A gentleman in Moscow,"Towles, Amor, author.",9780670026197,48,St. Anthony Park
Annihilation / writer,NA,032429305381,48,St. Anthony Park
The last straw,"Kinney, Jeff.",9780810970687,47,St. Anthony Park
Martha Stewart Living 2018.,NA,NA,47,St. Anthony Park
The ugly truth,"Kinney, Jeff.",9780810984912,46,St. Anthony Park
Pups to the rescue!,NA,0385384440,46,St. Anthony Park
Black Panther,NA,9786317233195,121,Central
Dunkirk,NA,883929570713,110,Central
Blade runner 2049,NA,883929571888,106,Central
The shape of water,NA,024543417675,104,Central
New Yorker 2018.,NA,NA,94,Central
Murder on the Orient Express,NA,024543393979,94,Central
"Star wars, the last jedi.",NA,786936856996,94,Central
"Three billboards outside Ebbing, Missouri",NA,024543416319,90,Central
A quiet place,NA,032429308818,89,Central
Justice League,NA,883929572045,87,Central
Thor. Ragnarok,NA,786936855906,86,Central
Jumanji. Welcome to the jungle / Columbia Pictures presents ; a Matt Tolmach,NA,043396488526,81,Central
Avengers: infinity war,NA,786936856910,80,Central
It / New Line Cinema presents ; in association with RatPac-Dune Entertainment ; a Vertigo Entertainment,NA,883929571499,78,Central
People 2018.,NA,NA,74,Central
Lady Bird,NA,031398277460,74,Central
American made,NA,025192316180,73,Central
Ocean's 8,NA,883929623099,73,Central
Wonder,NA,031398259282,72,Central
A wrinkle in time,NA,786936856392,71,Central
The Post,NA,024543470854,70,Central
Coco,NA,786936856255,68,Central
The greatest showman,NA,024543327912,66,Central
Deadpool 2 / a Twentieth Century Fox presentation in association with Marvel Entertainment ; a Kinberg Genre,NA,024543461470,66,Central
Jurassic world. Fallen kingdom,NA,191329002469,66,Central
12 strong,NA,883929601547,65,Central
Rampage / New Line Cinema presents in association with ASAP Entertainment ; a Wrigley Pictures/F.P.C.,NA,883929622771,63,Central
"Roman J. Israel, Esq. / Columbia Pictures presents ; in association with Marco Media [and others] ; a Jennifer Fox",NA,043396521278,62,Central
The foreigner,NA,025192377488,61,Central
Darkest hour,NA,025192396717,61,Central
Ready player one,NA,883929621422,61,Central
The commuter,NA,031398285373,60,Central
Solo : a Star Wars story,NA,786936859133,60,Central
American assassin,NA,031398274827,59,Central
Economist 2018.,NA,NA,59,Central
Phantom thread,NA,191329052952,59,Central
Death wish,NA,883904361145,58,Central
Tomb raider,NA,883929620890,58,Central
"I, Tonya",NA,9786317175082,57,Central
Den of thieves / STX Films and Diamond Film Productions present a Diamond Film Productions/Tucker Tooley Entertainment/a Mark Canton production,NA,191329021019,57,Central
"Pacific Rim. Uprising / directed by Steven S. DeKnight ; written by Steven S. DeKnight & Emily Carmichael & Kira Snyder and T.S. Nowlin ; produced by Mary Parent, Cale Boyter, Gullermo Del Toro, John Boyega, Femi Oguns, Thomas Tull, Jon Jashni ; Legendary Pictures and Universal Pictures present ; a Legendary Pictures",NA,191329028933,57,Central
Detroit,NA,9786317026353,56,Central
Spider-Man: homecoming / Columbia Pictures presents ; a Marvel Studios,NA,043396488571,55,Central
Despicable me 3,NA,025192367663,55,Central
New York Times Book Review 2018.,NA,NA,55,Central
Entertainment Weekly 2018.,NA,NA,54,Central
Atomic Blonde,NA,9786317017986,53,Central
New York Times Magazine 2018.,NA,NA,53,Central
Daddy's home 2,NA,032429301482,53,Central
Ant-man and The Wasp,NA,786936858969,53,Central
Thor. Ragnarok,NA,786936855906,62,Riverview
The greatest showman,NA,024543327912,58,Riverview
Wonder,NA,031398259282,56,Riverview
The shape of water,NA,024543417675,55,Riverview
Blade runner 2049,NA,883929571888,53,Riverview
"Three billboards outside Ebbing, Missouri",NA,024543416319,53,Riverview
Jumanji. Welcome to the jungle / Columbia Pictures presents ; a Matt Tolmach,NA,043396488526,50,Riverview
Ferdinand,NA,024543277323,47,Riverview
Dunkirk,NA,883929570713,45,Riverview
"Star wars, the last jedi.",NA,786936856996,45,Riverview
Despicable me 3,NA,025192367663,43,Riverview
Paddington. 2,NA,883929632398,43,Riverview
Sing,NA,025192366550,42,Riverview
Lady Bird,NA,031398277460,42,Riverview
Justice League,NA,883929572045,41,Riverview
The Post,NA,024543470854,41,Riverview
Coco,NA,786936856255,40,Riverview
All the money in the world,NA,043396527829,40,Riverview
Molly's game,NA,191329010129,40,Riverview
A quiet place,NA,032429308818,40,Riverview
Deadpool 2 / a Twentieth Century Fox presentation in association with Marvel Entertainment ; a Kinberg Genre,NA,024543461470,40,Riverview
It / New Line Cinema presents ; in association with RatPac-Dune Entertainment ; a Vertigo Entertainment,NA,883929571499,39,Riverview
Avengers: infinity war,NA,786936856910,39,Riverview
Downsizing,NA,032429304063,38,Riverview
A wrinkle in time,NA,786936856392,38,Riverview
Black Panther,NA,9786317233195,37,Riverview
Darkest hour,NA,025192396717,36,Riverview
The Star,NA,043396501027,36,Riverview
"Game night / directed by John Francis Daley & Jonathan Goldstein ; written by Mark Perez ; produced by John Davis, John Fox, Jason Bateman, James Garavente ; a New Line Cinema presentation ; a Davis Entertainment",NA,883929620623,36,Riverview
Peter Rabbit,NA,043396513501,36,Riverview
Annihilation / writer,NA,032429305381,36,Riverview
Jurassic world. Fallen kingdom,NA,191329002469,35,Riverview
American made,NA,025192316180,34,Riverview
Murder on the Orient Express,NA,024543393979,34,Riverview
Den of thieves / STX Films and Diamond Film Productions present a Diamond Film Productions/Tucker Tooley Entertainment/a Mark Canton production,NA,191329021019,34,Riverview
Ocean's 8,NA,883929623099,34,Riverview
Proud Mary,NA,043396509320,33,Riverview
Ant-man and The Wasp,NA,786936858969,33,Riverview
A bad mom's Christmas,NA,191329021064,31,Riverview
"I, Tonya",NA,9786317175082,31,Riverview
Pitch perfect 3,NA,025192371752,31,Riverview
The commuter,NA,031398285373,31,Riverview
Red sparrow,NA,024543418009,31,Riverview
Isle of dogs,NA,024543460176,31,Riverview
Sicario : day of the soldado,NA,043396526785,31,Riverview
Kingsman: the golden circle,NA,024543328780,30,Riverview
The foreigner,NA,025192377488,30,Riverview
12 strong,NA,883929601547,30,Riverview
Despicable me [videorecording],NA,025192018176,29,Riverview
Tomb raider,NA,883929620890,29,Riverview
Dunkirk,NA,883929570713,245,Highland Park
"Three billboards outside Ebbing, Missouri",NA,024543416319,243,Highland Park
The greatest showman,NA,024543327912,209,Highland Park
Black Panther,NA,9786317233195,204,Highland Park
Lady Bird,NA,031398277460,197,Highland Park
People 2018.,NA,NA,192,Highland Park
The shape of water,NA,024543417675,191,Highland Park
The Post,NA,024543470854,189,Highland Park
Jumanji. Welcome to the jungle / Columbia Pictures presents ; a Matt Tolmach,NA,043396488526,182,Highland Park
Darkest hour,NA,025192396717,174,Highland Park
Coco,NA,786936856255,170,Highland Park
Wonder,NA,031398259282,167,Highland Park
Blade runner 2049,NA,883929571888,164,Highland Park
Murder on the Orient Express,NA,024543393979,164,Highland Park
New Yorker 2018.,NA,NA,161,Highland Park
Avengers: infinity war,NA,786936856910,149,Highland Park
Molly's game,NA,191329010129,146,Highland Park
A quiet place,NA,032429308818,143,Highland Park
"I, Tonya",NA,9786317175082,142,Highland Park
"Star wars, the last jedi.",NA,786936856996,142,Highland Park
A wrinkle in time,NA,786936856392,140,Highland Park
Solo : a Star Wars story,NA,786936859133,139,Highland Park
Red sparrow,NA,024543418009,137,Highland Park
Ready player one,NA,883929621422,135,Highland Park
New York Times Magazine 2018.,NA,NA,133,Highland Park
Thor. Ragnarok,NA,786936855906,133,Highland Park
Isle of dogs,NA,024543460176,133,Highland Park
American made,NA,025192316180,130,Highland Park
The great alone,"Hannah, Kristin, author.",9780312577230,127,Highland Park
"Wonder Woman / directed by Patty Jenkins ; screenplay by Allan Heinberg ; produced by Charles Roven ; produced by Deborah Snyder, Zack Snyder ; produced by Richard Suckle ; a Warner Bros. Pictures presentation ; in association with Rat-Pac Dune Entertainment, Tencent Pictures and Wanda Pictures ; an Atlas Entertainment",NA,883929552979,126,Highland Park
Kingsman: the golden circle,NA,024543328780,123,Highland Park
Spider-Man: homecoming / Columbia Pictures presents ; a Marvel Studios,NA,043396488571,122,Highland Park
Little fires everywhere,"Ng, Celeste, author.",9780735224292,121,Highland Park
Deep freeze,"Sandford, John, 1944 February 23-",9780399176067,120,Highland Park
Downsizing,NA,032429304063,117,Highland Park
Despicable me 3,NA,025192367663,115,Highland Park
Game of thrones. Season 7.,NA,883929598564,114,Highland Park
Justice League,NA,883929572045,114,Highland Park
Call me by your name,NA,043396523821,114,Highland Park
Tomb raider,NA,883929620890,113,Highland Park
It / New Line Cinema presents ; in association with RatPac-Dune Entertainment ; a Vertigo Entertainment,NA,883929571499,111,Highland Park
Annihilation / writer,NA,032429305381,111,Highland Park
Deadpool 2 / a Twentieth Century Fox presentation in association with Marvel Entertainment ; a Kinberg Genre,NA,024543461470,110,Highland Park
Marshall,NA,191329035979,109,Highland Park
Phantom thread,NA,191329052952,109,Highland Park
The woman in the window,"Finn, A. J., author.",9780062678416,107,Highland Park
"Game night / directed by John Francis Daley & Jonathan Goldstein ; written by Mark Perez ; produced by John Davis, John Fox, Jason Bateman, James Garavente ; a New Line Cinema presentation ; a Davis Entertainment",NA,883929620623,107,Highland Park
Jurassic world. Fallen kingdom,NA,191329002469,106,Highland Park
The ugly truth,"Kinney, Jeff.",9780810984912,105,Highland Park
Sulfur Springs,"Krueger, William Kent.",9781501147340,105,Highland Park
New Yorker 2018.,NA,NA,126,Hamline
Black Panther,NA,9786317233195,123,Hamline
People 2018.,NA,NA,107,Hamline
The shape of water,NA,024543417675,106,Hamline
Dunkirk,NA,883929570713,94,Hamline
"Three billboards outside Ebbing, Missouri",NA,024543416319,94,Hamline
Blade runner 2049,NA,883929571888,89,Hamline
Thor. Ragnarok,NA,786936855906,83,Hamline
Wonder,NA,031398259282,83,Hamline
Lady Bird,NA,031398277460,80,Hamline
"Star wars, the last jedi.",NA,786936856996,76,Hamline
Coco,NA,786936856255,70,Hamline
The greatest showman,NA,024543327912,69,Hamline
Atomic Blonde,NA,9786317017986,67,Hamline
It / New Line Cinema presents ; in association with RatPac-Dune Entertainment ; a Vertigo Entertainment,NA,883929571499,64,Hamline
A wrinkle in time,NA,786936856392,64,Hamline
Jumanji. Welcome to the jungle / Columbia Pictures presents ; a Matt Tolmach,NA,043396488526,62,Hamline
Justice League,NA,883929572045,61,Hamline
Real Simple 2018.,NA,NA,60,Hamline
"I, Tonya",NA,9786317175082,60,Hamline
Tomb raider,NA,883929620890,60,Hamline
Murder on the Orient Express,NA,024543393979,57,Hamline
A quiet place,NA,032429308818,57,Hamline
Ready player one,NA,883929621422,57,Hamline
Consumer Reports 2018.,NA,NA,56,Hamline
Ocean's 8,NA,883929623099,56,Hamline
Avengers: infinity war,NA,786936856910,55,Hamline
Get out,NA,191329005767,54,Hamline
"Game night / directed by John Francis Daley & Jonathan Goldstein ; written by Mark Perez ; produced by John Davis, John Fox, Jason Bateman, James Garavente ; a New Line Cinema presentation ; a Davis Entertainment",NA,883929620623,54,Hamline
Jurassic world. Fallen kingdom,NA,191329002469,54,Hamline
Pitch perfect 3,NA,025192371752,53,Hamline
Paddington. 2,NA,883929632398,53,Hamline
Solo : a Star Wars story,NA,786936859133,53,Hamline
The Post,NA,024543470854,51,Hamline
Red sparrow,NA,024543418009,51,Hamline
Phantom thread,NA,191329052952,50,Hamline
Isle of dogs,NA,024543460176,50,Hamline
Mpls St Paul 2018.,NA,NA,48,Hamline
Call me by your name,NA,043396523821,48,Hamline
Deadpool 2 / a Twentieth Century Fox presentation in association with Marvel Entertainment ; a Kinberg Genre,NA,024543461470,48,Hamline
Mollie Makes 2018,NA,NA,47,Hamline
Time 2018.,NA,NA,45,Hamline
Spider-Man: homecoming / Columbia Pictures presents ; a Marvel Studios,NA,043396488571,44,Hamline
Detroit,NA,9786317026353,44,Hamline
Victoria & Abdul,NA,025192396960,43,Hamline
Cooking Light 2018.,NA,NA,43,Hamline
Downsizing,NA,032429304063,43,Hamline
Little fires everywhere,"Ng, Celeste, author.",9780735224292,42,Hamline
Mother!,NA,032429294791,42,Hamline
National Geographic 2018.,NA,NA,42,Hamline
Thor. Ragnarok,NA,786936855906,77,Dayton's Bluff
Jumanji. Welcome to the jungle / Columbia Pictures presents ; a Matt Tolmach,NA,043396488526,74,Dayton's Bluff
Black Panther,NA,9786317233195,68,Dayton's Bluff
"Star wars, the last jedi.",NA,786936856996,63,Dayton's Bluff
"Three billboards outside Ebbing, Missouri",NA,024543416319,61,Dayton's Bluff
The shape of water,NA,024543417675,61,Dayton's Bluff
The commuter,NA,031398285373,55,Dayton's Bluff
It / New Line Cinema presents ; in association with RatPac-Dune Entertainment ; a Vertigo Entertainment,NA,883929571499,54,Dayton's Bluff
Murder on the Orient Express,NA,024543393979,54,Dayton's Bluff
Ocean's 8,NA,883929623099,54,Dayton's Bluff
Blade runner 2049,NA,883929571888,53,Dayton's Bluff
Justice League,NA,883929572045,51,Dayton's Bluff
Coco,NA,786936856255,51,Dayton's Bluff
The greatest showman,NA,024543327912,51,Dayton's Bluff
The Post,NA,024543470854,51,Dayton's Bluff
Avengers: infinity war,NA,786936856910,51,Dayton's Bluff
Despicable me 3,NA,025192367663,48,Dayton's Bluff
A quiet place,NA,032429308818,48,Dayton's Bluff
Dunkirk,NA,883929570713,47,Dayton's Bluff
The mountain between us.,NA,024543417019,47,Dayton's Bluff
Solo : a Star Wars story,NA,786936859133,47,Dayton's Bluff
Atomic Blonde,NA,9786317017986,46,Dayton's Bluff
Wonder,NA,031398259282,46,Dayton's Bluff
A wrinkle in time,NA,786936856392,46,Dayton's Bluff
Den of thieves / STX Films and Diamond Film Productions present a Diamond Film Productions/Tucker Tooley Entertainment/a Mark Canton production,NA,191329021019,45,Dayton's Bluff
Ready player one,NA,883929621422,43,Dayton's Bluff
American assassin,NA,031398274827,42,Dayton's Bluff
People 2018.,NA,NA,42,Dayton's Bluff
12 strong,NA,883929601547,42,Dayton's Bluff
The hitman's bodyguard,NA,031398273769,41,Dayton's Bluff
Kingsman: the golden circle,NA,024543328780,40,Dayton's Bluff
Pitch perfect 3,NA,025192371752,40,Dayton's Bluff
Annihilation / writer,NA,032429305381,40,Dayton's Bluff
"Wonder Woman / directed by Patty Jenkins ; screenplay by Allan Heinberg ; produced by Charles Roven ; produced by Deborah Snyder, Zack Snyder ; produced by Richard Suckle ; a Warner Bros. Pictures presentation ; in association with Rat-Pac Dune Entertainment, Tencent Pictures and Wanda Pictures ; an Atlas Entertainment",NA,883929552979,39,Dayton's Bluff
Rampage / New Line Cinema presents in association with ASAP Entertainment ; a Wrigley Pictures/F.P.C.,NA,883929622771,39,Dayton's Bluff
Skyscraper,NA,191329041338,39,Dayton's Bluff
Lady Bird,NA,031398277460,38,Dayton's Bluff
Victoria & Abdul,NA,025192396960,37,Dayton's Bluff
Daddy's home 2,NA,032429301482,37,Dayton's Bluff
Molly's game,NA,191329010129,37,Dayton's Bluff
Tomb raider,NA,883929620890,37,Dayton's Bluff
Proud Mary,NA,043396509320,36,Dayton's Bluff
Game of thrones. Season 7.,NA,883929598564,35,Dayton's Bluff
"I, Tonya",NA,9786317175082,35,Dayton's Bluff
Ferdinand,NA,024543277323,35,Dayton's Bluff
Blockers,NA,191329040881,35,Dayton's Bluff
Logan lucky,NA,191329024690,34,Dayton's Bluff
American made,NA,025192316180,34,Dayton's Bluff
"Pacific Rim. Uprising / directed by Steven S. DeKnight ; written by Steven S. DeKnight & Emily Carmichael & Kira Snyder and T.S. Nowlin ; produced by Mary Parent, Cale Boyter, Gullermo Del Toro, John Boyega, Femi Oguns, Thomas Tull, Jon Jashni ; Legendary Pictures and Universal Pictures present ; a Legendary Pictures",NA,191329028933,34,Dayton's Bluff
Overboard,NA,031398289753,34,Dayton's Bluff
Coco,NA,786936856255,198,Merriam
Lady Bird,NA,031398277460,193,Merriam
Black Panther,NA,9786317233195,189,Merriam
Dunkirk,NA,883929570713,187,Merriam
The shape of water,NA,024543417675,174,Merriam
Jumanji. Welcome to the jungle / Columbia Pictures presents ; a Matt Tolmach,NA,043396488526,171,Merriam
Darkest hour,NA,025192396717,169,Merriam
"Three billboards outside Ebbing, Missouri",NA,024543416319,168,Merriam
The greatest showman,NA,024543327912,153,Merriam
"Star wars, the last jedi.",NA,786936856996,147,Merriam
The Post,NA,024543470854,146,Merriam
A wrinkle in time,NA,786936856392,130,Merriam
Wonder,NA,031398259282,128,Merriam
Blade runner 2049,NA,883929571888,126,Merriam
Glass houses : a novel,"Penny, Louise.",9781250066190,124,Merriam
Solo : a Star Wars story,NA,786936859133,124,Merriam
People 2018.,NA,NA,120,Merriam
Avengers: infinity war,NA,786936856910,120,Merriam
Molly's game,NA,191329010129,119,Merriam
Marshall,NA,191329035979,117,Merriam
A quiet place,NA,032429308818,117,Merriam
Call me by your name,NA,043396523821,116,Merriam
Little fires everywhere,"Ng, Celeste, author.",9780735224292,115,Merriam
"Roman J. Israel, Esq. / Columbia Pictures presents ; in association with Marco Media [and others] ; a Jennifer Fox",NA,043396521278,115,Merriam
"I, Tonya",NA,9786317175082,112,Merriam
Deadpool 2 / a Twentieth Century Fox presentation in association with Marvel Entertainment ; a Kinberg Genre,NA,024543461470,112,Merriam
Thor. Ragnarok,NA,786936855906,111,Merriam
Murder on the Orient Express,NA,024543393979,110,Merriam
Ocean's 8,NA,883929623099,110,Merriam
Justice League,NA,883929572045,108,Merriam
Victoria & Abdul,NA,025192396960,106,Merriam
Red sparrow,NA,024543418009,104,Merriam
Jurassic world. Fallen kingdom,NA,191329002469,104,Merriam
Twisted prey,"Sandford, John, 1944 February 23- author.",9780735217355,102,Merriam
New Yorker 2018.,NA,NA,100,Merriam
The big sick,NA,031398270362,99,Merriam
Sulfur Springs,"Krueger, William Kent.",9781501147340,98,Merriam
A gentleman in Moscow,"Towles, Amor, author.",9780670026197,97,Merriam
Despicable me 3,NA,025192367663,95,Merriam
Deep freeze,"Sandford, John, 1944 February 23-",9780399176067,94,Merriam
"Sing, unburied, sing : a novel","Ward, Jesmyn, author.",9781501126062,93,Merriam
"Hostiles / producer, John Lesher, Ken Kao, Scott Cooper ; writer",NA,031398279402,92,Merriam
Annihilation / writer,NA,032429305381,92,Merriam
Phantom thread,NA,191329052952,91,Merriam
Future home of the living god : a novel,"Erdrich, Louise, author.",0062694057,90,Merriam
Two kinds of truth,"Connelly, Michael, 1956-",9780316225908,89,Merriam
The great alone,"Hannah, Kristin, author.",9780312577230,89,Merriam
Isle of dogs,NA,024543460176,89,Merriam
Ready player one,NA,883929621422,89,Merriam
Ant-man and The Wasp,NA,786936858969,88,Merriam
Black Panther,NA,9786317233195,124,Rondo
Thor. Ragnarok,NA,786936855906,91,Rondo
Blade runner 2049,NA,883929571888,88,Rondo
Coco,NA,786936856255,87,Rondo
Jumanji. Welcome to the jungle / Columbia Pictures presents ; a Matt Tolmach,NA,043396488526,87,Rondo
Proud Mary,NA,043396509320,86,Rondo
Justice League,NA,883929572045,81,Rondo
The shape of water,NA,024543417675,78,Rondo
"Roman J. Israel, Esq. / Columbia Pictures presents ; in association with Marco Media [and others] ; a Jennifer Fox",NA,043396521278,76,Rondo
Geostorm,NA,883929530717,75,Rondo
"Three billboards outside Ebbing, Missouri",NA,024543416319,75,Rondo
Dunkirk,NA,883929570713,74,Rondo
The dark tower,NA,9786317022829,73,Rondo
Death wish,NA,883904361145,73,Rondo
Detroit,NA,9786317026353,71,Rondo
It / New Line Cinema presents ; in association with RatPac-Dune Entertainment ; a Vertigo Entertainment,NA,883929571499,71,Rondo
Boo 2! : a Madea Halloween / Lionsgate and Tyler Perry Studios present ; a Tyler Perry Studios,NA,031398277156,71,Rondo
Den of thieves / STX Films and Diamond Film Productions present a Diamond Film Productions/Tucker Tooley Entertainment/a Mark Canton production,NA,191329021019,67,Rondo
Spider-Man: homecoming / Columbia Pictures presents ; a Marvel Studios,NA,043396488571,66,Rondo
Jurassic world. Fallen kingdom,NA,191329002469,66,Rondo
Ocean's 8,NA,883929623099,66,Rondo
Despicable me 3,NA,025192367663,65,Rondo
"Wonder Woman / directed by Patty Jenkins ; screenplay by Allan Heinberg ; produced by Charles Roven ; produced by Deborah Snyder, Zack Snyder ; produced by Richard Suckle ; a Warner Bros. Pictures presentation ; in association with Rat-Pac Dune Entertainment, Tencent Pictures and Wanda Pictures ; an Atlas Entertainment",NA,883929552979,64,Rondo
Happy death day,NA,191329039748,63,Rondo
A quiet place,NA,032429308818,63,Rondo
Solo : a Star Wars story,NA,786936859133,63,Rondo
Lady Bird,NA,031398277460,62,Rondo
Tyler Perry's Acrimony,NA,031398288305,62,Rondo
Wonder,NA,031398259282,61,Rondo
The foreigner,NA,025192377488,60,Rondo
"Jigsaw / a Lionsgate release ; Twisted Pictures presents ; directed by the Spierig Brothers ; written by Josh Stolberg & Peter Goldfinger ; produced by Oren Koules, Mark Burg, Gregg Hoffman ; a Burg/Koules",NA,031398276777,60,Rondo
12 strong,NA,883929601547,60,Rondo
The commuter,NA,031398285373,60,Rondo
Kingsman: the golden circle,NA,024543328780,59,Rondo
Avengers: infinity war,NA,786936856910,59,Rondo
Darkest hour,NA,025192396717,58,Rondo
Deadpool 2 / a Twentieth Century Fox presentation in association with Marvel Entertainment ; a Kinberg Genre,NA,024543461470,58,Rondo
The mummy / Universal Pictures presents in association with Perfect World Pictures a Secret Hideout/Conspiracy Factory,NA,025192285769,57,Rondo
Murder on the Orient Express,NA,024543393979,57,Rondo
The greatest showman,NA,024543327912,57,Rondo
Get out,NA,191329005767,56,Rondo
American assassin,NA,031398274827,56,Rondo
People 2018.,NA,NA,56,Rondo
American made,NA,025192316180,55,Rondo
Daddy's home 2,NA,032429301482,55,Rondo
Insidious: the last key,NA,043396518858,53,Rondo
"Pacific Rim. Uprising / directed by Steven S. DeKnight ; written by Steven S. DeKnight & Emily Carmichael & Kira Snyder and T.S. Nowlin ; produced by Mary Parent, Cale Boyter, Gullermo Del Toro, John Boyega, Femi Oguns, Thomas Tull, Jon Jashni ; Legendary Pictures and Universal Pictures present ; a Legendary Pictures",NA,191329028933,53,Rondo
Tomb raider,NA,883929620890,52,Rondo
Atomic Blonde,NA,9786317017986,51,Rondo
"Hostiles / producer, John Lesher, Ken Kao, Scott Cooper ; writer",NA,031398279402,51,Rondo
People 2018.,NA,NA,111,Hayden Heights
Jumanji. Welcome to the jungle / Columbia Pictures presents ; a Matt Tolmach,NA,043396488526,64,Hayden Heights
Dunkirk,NA,883929570713,58,Hayden Heights
The shape of water,NA,024543417675,57,Hayden Heights
The greatest showman,NA,024543327912,52,Hayden Heights
Black Panther,NA,9786317233195,52,Hayden Heights
"Three billboards outside Ebbing, Missouri",NA,024543416319,51,Hayden Heights
It / New Line Cinema presents ; in association with RatPac-Dune Entertainment ; a Vertigo Entertainment,NA,883929571499,50,Hayden Heights
Coco,NA,786936856255,49,Hayden Heights
Thor. Ragnarok,NA,786936855906,47,Hayden Heights
The Post,NA,024543470854,46,Hayden Heights
A wrinkle in time,NA,786936856392,46,Hayden Heights
Time 2018.,NA,NA,44,Hayden Heights
Wonder,NA,031398259282,43,Hayden Heights
A quiet place,NA,032429308818,43,Hayden Heights
"Star wars, the last jedi.",NA,786936856996,39,Hayden Heights
Ocean's 8,NA,883929623099,39,Hayden Heights
Murder on the Orient Express,NA,024543393979,38,Hayden Heights
Tomb raider,NA,883929620890,38,Hayden Heights
Despicable me 3,NA,025192367663,37,Hayden Heights
Sports illustrated 2018.,NA,NA,37,Hayden Heights
"Roman J. Israel, Esq. / Columbia Pictures presents ; in association with Marco Media [and others] ; a Jennifer Fox",NA,043396521278,37,Hayden Heights
Lady Bird,NA,031398277460,37,Hayden Heights
"Game night / directed by John Francis Daley & Jonathan Goldstein ; written by Mark Perez ; produced by John Davis, John Fox, Jason Bateman, James Garavente ; a New Line Cinema presentation ; a Davis Entertainment",NA,883929620623,36,Hayden Heights
Sicario : day of the soldado,NA,043396526785,36,Hayden Heights
The long haul,"Kinney, Jeff.",9781419711893,35,Hayden Heights
Darkest hour,NA,025192396717,34,Hayden Heights
Avengers: infinity war,NA,786936856910,33,Hayden Heights
Solo : a Star Wars story,NA,786936859133,33,Hayden Heights
Consumer Reports 2018.,NA,NA,32,Hayden Heights
Downsizing,NA,032429304063,32,Hayden Heights
Jurassic world. Fallen kingdom,NA,191329002469,32,Hayden Heights
The last straw,"Kinney, Jeff.",9780810970687,31,Hayden Heights
Death wish,NA,883904361145,31,Hayden Heights
"Pacific Rim. Uprising / directed by Steven S. DeKnight ; written by Steven S. DeKnight & Emily Carmichael & Kira Snyder and T.S. Nowlin ; produced by Mary Parent, Cale Boyter, Gullermo Del Toro, John Boyega, Femi Oguns, Thomas Tull, Jon Jashni ; Legendary Pictures and Universal Pictures present ; a Legendary Pictures",NA,191329028933,31,Hayden Heights
Blade runner 2049,NA,883929571888,30,Hayden Heights
Geostorm,NA,883929530717,30,Hayden Heights
Ferdinand,NA,024543277323,30,Hayden Heights
12 strong,NA,883929601547,30,Hayden Heights
Den of thieves / STX Films and Diamond Film Productions present a Diamond Film Productions/Tucker Tooley Entertainment/a Mark Canton production,NA,191329021019,29,Hayden Heights
Deadpool 2 / a Twentieth Century Fox presentation in association with Marvel Entertainment ; a Kinberg Genre,NA,024543461470,29,Hayden Heights
Rodrick rules,"Kinney, Jeff.",0810994739,28,Hayden Heights
Hard luck,"Kinney, Jeff",9781419711329,28,Hayden Heights
American made,NA,025192316180,28,Hayden Heights
Victoria & Abdul,NA,025192396960,28,Hayden Heights
The commuter,NA,031398285373,28,Hayden Heights
The 15:17 to Paris,NA,883929624843,28,Hayden Heights
I can only imagine,NA,031398286271,28,Hayden Heights
Skyscraper,NA,191329041338,28,Hayden Heights
All the money in the world,NA,043396527829,27,Hayden Heights
Sisters,"Telgemeier, Raina, author, illustrator.",9780545540599,134,Bookmobile
Ghosts,"Telgemeier, Raina, author, illustrator.",9780545540612,133,Bookmobile
Tales from a not-so-glam TV star,"Russell, Rachel Renée. author.",9781442487673,126,Bookmobile
Hard luck,"Kinney, Jeff",9781419711329,119,Bookmobile
The last straw,"Kinney, Jeff.",9780810970687,118,Bookmobile
Rodrick rules,"Kinney, Jeff.",0810994739,113,Bookmobile
Dog days,"Kinney, Jeff.",9780810983915,112,Bookmobile
Tales from a not-so-secret crush catastrophe,"Russell, Rachel Renée.",9781534405608,105,Bookmobile
The third wheel,"Kinney, Jeff.",9781419705847,102,Bookmobile
Greg Heffley's journal,"Kinney, Jeff.",0810993139,99,Bookmobile
Smile,"Telgemeier, Raina.",9780545132053,95,Bookmobile
Diary of a wimpy kid : double down,"Kinney, Jeff, author.",9781419723445,82,Bookmobile
Diary of a wimpy kid : the getaway,"Kinney, Jeff, author, illustrator.",9781419725456,79,Bookmobile
Cabin fever,"Kinney, Jeff.",9781419702235,77,Bookmobile
Tales from a not-so-dorky drama queen,"Russell, Rachel Renée.",1442487690,77,Bookmobile
Tales from a not-so-happily ever after,"Russell, Rachel Renée.",9781481421843,76,Bookmobile
Tales from a not-so-friendly frenemy,"Russell, Rachel Renée, author.",9781481479202,74,Bookmobile
"Amulet. Book 4, The last council","Kibuishi, Kazu, 1978-",9780545208871,73,Bookmobile
Tales from a not-so-graceful ice princess,"Russell, Rachel Renee.",9781442411920,73,Bookmobile
Return of the Djinn,"Howard, Kate, adapter.",9780545925532,70,Bookmobile
"Amulet. Book 1, The stonekeeper","Kibuishi, Kazu, 1978-",9780439846813,68,Bookmobile
Sleepover fun!,"Man-Kong, Mary.",0385384785,68,Bookmobile
Ariel and the big baby ; Rapunzel finds a friend / by Amy Sky Koster ; illustrated by Alan Baston and Elizabeth Tate. Rapunzel finds a friend,"Koster, Amy Sky, author.",9780736437479,67,Bookmobile
"Amulet. Book 6, Escape from Lucien","Kibuishi, Kazu, 1978-",9780545433150,66,Bookmobile
Tales from a not-so-talented pop star,"Russell, Rachel Renee.",9781442411906,65,Bookmobile
Meet Crystal Winter,"Finn, Perdita, author.",9780316356787,65,Bookmobile
The ugly truth,"Kinney, Jeff.",9780810984912,63,Bookmobile
"Amulet. Book 3, The cloud searchers","Kibuishi, Kazu, 1978-",9780545208857,63,Bookmobile
Lord of the fleas,"Pilkey, Dav, 1966- author, artist.",9780545935173,61,Bookmobile
Tales from a not-so-fabulous life,"Russell, Rachel Renee.",9781416980063,60,Bookmobile
Tales from a not-so-popular party girl,"Russell, Rachel Renee.",9781416980087,60,Bookmobile
"Amulet. Book 2, The stonekeeper's curse","Kibuishi, Kazu, 1978-",9780439846820,60,Bookmobile
Tales from a not-so-perfect pet sitter,"Russell, Rachel Renée, author.",9781481457040,59,Bookmobile
Drama,"Telgemeier, Raina.",9780545326995,58,Bookmobile
Puppy love,"Holm, Jennifer L.",9780375839900,57,Bookmobile
"Marvel Guardians of the Galaxy. Vol. 2, The guardians save the day","Busse, R. R., author.",0316271691,57,Bookmobile
Barbie : a surprise for a friend,"Riley, Kellee, illustrator.",9780553509427,55,Bookmobile
"Lights, camera, Shopkins","Rusu, Meredith, author.",9780545940412,55,Bookmobile
Welcome to Alola!,"Barbo, Maria S, author.",9781338148640,54,Bookmobile
"Amulet. Book 5, Prince of the elves","Kibuishi, Kazu, 1978-",9780545208895,53,Bookmobile
Pest of the West,"Brookshier, Luke.",9780449814437,53,Bookmobile
Kristy's great idea : a graphic novel,"Martin, Ann M., 1955-",9780545813860,53,Bookmobile
Barbie you can be an ice skater,NA,9781524769109,53,Bookmobile
Tales from a not-so-happy heartbreaker,"Russell, Rachel Renée.",9781442449633,52,Bookmobile
Let's build a snowman!,"Depken, Kristen L., author.",9781524764807,51,Bookmobile
Mulan's perfect present / by Cynthea Liu ; illustrated by Alan Batson and the Disney Storybook Art Team. Jasmine's new friends,"Liu, Cynthea.",9780736437530,51,Bookmobile
Disney's Mulan,"Poindexter, Katherine.",0736422625,50,Bookmobile
Listen to your heart,"Man-Kong, Mary, author.",9780553523416,50,Bookmobile
Mary Anne saves the day,"Martin, Ann M., 1955-",9780545886215,50,Bookmobile
Somebunny loves you,"Man-Kong, Mary, author.",1101931957,50,Bookmobile
Black Panther,NA,9786317233195,100,Arlington
Jumanji. Welcome to the jungle / Columbia Pictures presents ; a Matt Tolmach,NA,043396488526,97,Arlington
Justice League,NA,883929572045,75,Arlington
Thor. Ragnarok,NA,786936855906,73,Arlington
Coco,NA,786936856255,69,Arlington
Avengers: infinity war,NA,786936856910,67,Arlington
"Pacific Rim. Uprising / directed by Steven S. DeKnight ; written by Steven S. DeKnight & Emily Carmichael & Kira Snyder and T.S. Nowlin ; produced by Mary Parent, Cale Boyter, Gullermo Del Toro, John Boyega, Femi Oguns, Thomas Tull, Jon Jashni ; Legendary Pictures and Universal Pictures present ; a Legendary Pictures",NA,191329028933,64,Arlington
Blade runner 2049,NA,883929571888,63,Arlington
It / New Line Cinema presents ; in association with RatPac-Dune Entertainment ; a Vertigo Entertainment,NA,883929571499,62,Arlington
A quiet place,NA,032429308818,62,Arlington
Jurassic world. Fallen kingdom,NA,191329002469,62,Arlington
Despicable me 3,NA,025192367663,61,Arlington
The greatest showman,NA,024543327912,61,Arlington
A wrinkle in time,NA,786936856392,59,Arlington
Dunkirk,NA,883929570713,58,Arlington
American made,NA,025192316180,58,Arlington
Wonder,NA,031398259282,57,Arlington
Murder on the Orient Express,NA,024543393979,56,Arlington
Happy death day,NA,191329039748,55,Arlington
Geostorm,NA,883929530717,54,Arlington
"Three billboards outside Ebbing, Missouri",NA,024543416319,54,Arlington
12 strong,NA,883929601547,54,Arlington
Red sparrow,NA,024543418009,54,Arlington
Solo : a Star Wars story,NA,786936859133,54,Arlington
American assassin,NA,031398274827,51,Arlington
Tomb raider,NA,883929620890,51,Arlington
Marshall,NA,191329035979,50,Arlington
The shape of water,NA,024543417675,50,Arlington
"Star wars, the last jedi.",NA,786936856996,50,Arlington
The commuter,NA,031398285373,50,Arlington
Den of thieves / STX Films and Diamond Film Productions present a Diamond Film Productions/Tucker Tooley Entertainment/a Mark Canton production,NA,191329021019,49,Arlington
Annihilation / writer,NA,032429305381,49,Arlington
Tyler Perry's Acrimony,NA,031398288305,48,Arlington
Deadpool 2 / a Twentieth Century Fox presentation in association with Marvel Entertainment ; a Kinberg Genre,NA,024543461470,48,Arlington
Boo 2! : a Madea Halloween / Lionsgate and Tyler Perry Studios present ; a Tyler Perry Studios,NA,031398277156,47,Arlington
Kong : Skull Island / Warner Bros. Pictures,NA,883929568505,46,Arlington
"Jigsaw / a Lionsgate release ; Twisted Pictures presents ; directed by the Spierig Brothers ; written by Josh Stolberg & Peter Goldfinger ; produced by Oren Koules, Mark Burg, Gregg Hoffman ; a Burg/Koules",NA,031398276777,46,Arlington
Lady Bird,NA,031398277460,46,Arlington
Maze runner. Death cure,NA,024543313915,46,Arlington
Incredibles 2 \ [videorecording].,NA,786936857078,46,Arlington
The mountain between us.,NA,024543417019,45,Arlington
Molly's game,NA,191329010129,45,Arlington
Skyscraper,NA,191329041338,45,Arlington
War for the planet of the apes,NA,024543322764,44,Arlington
Blockers,NA,191329040881,44,Arlington
Rampage / New Line Cinema presents in association with ASAP Entertainment ; a Wrigley Pictures/F.P.C.,NA,883929622771,44,Arlington
Sicario : day of the soldado,NA,043396526785,44,Arlington
"Hostiles / producer, John Lesher, Ken Kao, Scott Cooper ; writer",NA,031398279402,42,Arlington
Breaking in,NA,191329016015,42,Arlington
The Great Wall / a Legendary Pictures and Universal Pictures presentation ; a Legendary Pictures,NA,025192302787,41,Arlington
Jumanji. Welcome to the jungle / Columbia Pictures presents ; a Matt Tolmach,NA,043396488526,131,Rice Street
Black Panther,NA,9786317233195,131,Rice Street
Avengers: infinity war,NA,786936856910,98,Rice Street
Coco,NA,786936856255,93,Rice Street
Thor. Ragnarok,NA,786936855906,89,Rice Street
Deadpool 2 / a Twentieth Century Fox presentation in association with Marvel Entertainment ; a Kinberg Genre,NA,024543461470,89,Rice Street
"Star wars, the last jedi.",NA,786936856996,87,Rice Street
Blade runner 2049,NA,883929571888,86,Rice Street
Wonder,NA,031398259282,83,Rice Street
The shape of water,NA,024543417675,81,Rice Street
Justice League,NA,883929572045,78,Rice Street
"Three billboards outside Ebbing, Missouri",NA,024543416319,78,Rice Street
A quiet place,NA,032429308818,78,Rice Street
The commuter,NA,031398285373,77,Rice Street
Dunkirk,NA,883929570713,76,Rice Street
It / New Line Cinema presents ; in association with RatPac-Dune Entertainment ; a Vertigo Entertainment,NA,883929571499,74,Rice Street
Solo : a Star Wars story,NA,786936859133,74,Rice Street
The greatest showman,NA,024543327912,71,Rice Street
A wrinkle in time,NA,786936856392,71,Rice Street
Jurassic world. Fallen kingdom,NA,191329002469,71,Rice Street
Den of thieves / STX Films and Diamond Film Productions present a Diamond Film Productions/Tucker Tooley Entertainment/a Mark Canton production,NA,191329021019,70,Rice Street
The Post,NA,024543470854,69,Rice Street
Murder on the Orient Express,NA,024543393979,68,Rice Street
Ocean's 8,NA,883929623099,68,Rice Street
American made,NA,025192316180,66,Rice Street
Ant-man and The Wasp,NA,786936858969,66,Rice Street
"Roman J. Israel, Esq. / Columbia Pictures presents ; in association with Marco Media [and others] ; a Jennifer Fox",NA,043396521278,64,Rice Street
Tomb raider,NA,883929620890,64,Rice Street
Skyscraper,NA,191329041338,62,Rice Street
Blockers,NA,191329040881,61,Rice Street
American assassin,NA,031398274827,60,Rice Street
A bad mom's Christmas,NA,191329021064,60,Rice Street
Geostorm,NA,883929530717,60,Rice Street
"Pacific Rim. Uprising / directed by Steven S. DeKnight ; written by Steven S. DeKnight & Emily Carmichael & Kira Snyder and T.S. Nowlin ; produced by Mary Parent, Cale Boyter, Gullermo Del Toro, John Boyega, Femi Oguns, Thomas Tull, Jon Jashni ; Legendary Pictures and Universal Pictures present ; a Legendary Pictures",NA,191329028933,60,Rice Street
"Hostiles / producer, John Lesher, Ken Kao, Scott Cooper ; writer",NA,031398279402,59,Rice Street
Despicable me 3,NA,025192367663,58,Rice Street
Molly's game,NA,191329010129,58,Rice Street
Detroit,NA,9786317026353,57,Rice Street
Darkest hour,NA,025192396717,57,Rice Street
Blackkklansman,NA,191329071663,56,Rice Street
Kingsman: the golden circle,NA,024543328780,55,Rice Street
Daddy's home 2,NA,032429301482,55,Rice Street
Lady Bird,NA,031398277460,55,Rice Street
Annihilation / writer,NA,032429305381,55,Rice Street
"Game night / directed by John Francis Daley & Jonathan Goldstein ; written by Mark Perez ; produced by John Davis, John Fox, Jason Bateman, James Garavente ; a New Line Cinema presentation ; a Davis Entertainment",NA,883929620623,54,Rice Street
Red sparrow,NA,024543418009,54,Rice Street
Ready player one,NA,883929621422,54,Rice Street
Atomic Blonde,NA,9786317017986,53,Rice Street
Rampage / New Line Cinema presents in association with ASAP Entertainment ; a Wrigley Pictures/F.P.C.,NA,883929622771,53,Rice Street
Proud Mary,NA,043396509320,52,Rice Street
Black Panther,NA,9786317233195,198,Sun Ray
Jumanji. Welcome to the jungle / Columbia Pictures presents ; a Matt Tolmach,NA,043396488526,197,Sun Ray
People 2018.,NA,NA,189,Sun Ray
Thor. Ragnarok,NA,786936855906,185,Sun Ray
"Three billboards outside Ebbing, Missouri",NA,024543416319,172,Sun Ray
Us Weekly 2018,NA,NA,169,Sun Ray
Justice League,NA,883929572045,161,Sun Ray
The shape of water,NA,024543417675,153,Sun Ray
The greatest showman,NA,024543327912,152,Sun Ray
Dunkirk,NA,883929570713,146,Sun Ray
"Star wars, the last jedi.",NA,786936856996,145,Sun Ray
The commuter,NA,031398285373,144,Sun Ray
Coco,NA,786936856255,141,Sun Ray
Wonder,NA,031398259282,140,Sun Ray
A quiet place,NA,032429308818,133,Sun Ray
Blade runner 2049,NA,883929571888,131,Sun Ray
It / New Line Cinema presents ; in association with RatPac-Dune Entertainment ; a Vertigo Entertainment,NA,883929571499,130,Sun Ray
The Post,NA,024543470854,128,Sun Ray
"Wonder Woman / directed by Patty Jenkins ; screenplay by Allan Heinberg ; produced by Charles Roven ; produced by Deborah Snyder, Zack Snyder ; produced by Richard Suckle ; a Warner Bros. Pictures presentation ; in association with Rat-Pac Dune Entertainment, Tencent Pictures and Wanda Pictures ; an Atlas Entertainment",NA,883929552979,122,Sun Ray
The foreigner,NA,025192377488,122,Sun Ray
Spider-Man: homecoming / Columbia Pictures presents ; a Marvel Studios,NA,043396488571,119,Sun Ray
Proud Mary,NA,043396509320,118,Sun Ray
Solo : a Star Wars story,NA,786936859133,116,Sun Ray
Molly's game,NA,191329010129,115,Sun Ray
Den of thieves / STX Films and Diamond Film Productions present a Diamond Film Productions/Tucker Tooley Entertainment/a Mark Canton production,NA,191329021019,112,Sun Ray
Avengers: infinity war,NA,786936856910,112,Sun Ray
American made,NA,025192316180,111,Sun Ray
Tomb raider,NA,883929620890,111,Sun Ray
Jurassic world. Fallen kingdom,NA,191329002469,111,Sun Ray
Daddy's home 2,NA,032429301482,109,Sun Ray
A wrinkle in time,NA,786936856392,109,Sun Ray
"Game night / directed by John Francis Daley & Jonathan Goldstein ; written by Mark Perez ; produced by John Davis, John Fox, Jason Bateman, James Garavente ; a New Line Cinema presentation ; a Davis Entertainment",NA,883929620623,108,Sun Ray
Darkest hour,NA,025192396717,107,Sun Ray
Lady Bird,NA,031398277460,107,Sun Ray
Maze runner. Death cure,NA,024543313915,106,Sun Ray
Despicable me 3,NA,025192367663,104,Sun Ray
The hitman's bodyguard,NA,031398273769,104,Sun Ray
Murder on the Orient Express,NA,024543393979,104,Sun Ray
Deadpool 2 / a Twentieth Century Fox presentation in association with Marvel Entertainment ; a Kinberg Genre,NA,024543461470,102,Sun Ray
Kingsman: the golden circle,NA,024543328780,101,Sun Ray
"Roman J. Israel, Esq. / Columbia Pictures presents ; in association with Marco Media [and others] ; a Jennifer Fox",NA,043396521278,100,Sun Ray
Ferdinand,NA,024543277323,100,Sun Ray
American assassin,NA,031398274827,99,Sun Ray
Annihilation / writer,NA,032429305381,98,Sun Ray
Time 2018.,NA,NA,97,Sun Ray
Red sparrow,NA,024543418009,97,Sun Ray
Ready player one,NA,883929621422,97,Sun Ray
Marshall,NA,191329035979,96,Sun Ray
Pitch perfect 3,NA,025192371752,96,Sun Ray
12 strong,NA,883929601547,96,Sun Ray
People 2018.,NA,NA,128,West 7th
Twisted prey,"Sandford, John, 1944 February 23- author.",9780735217355,52,West 7th
"I, Tonya",NA,9786317175082,48,West 7th
"Three billboards outside Ebbing, Missouri",NA,024543416319,48,West 7th
A gentleman in Moscow,"Towles, Amor, author.",9780670026197,47,West 7th
Educated : a memoir,"Westover, Tara, author.",9780399590504,46,West 7th
Little fires everywhere,"Ng, Celeste, author.",9780735224292,45,West 7th
The great alone,"Hannah, Kristin, author.",9780312577230,45,West 7th
Wonder,NA,031398259282,44,West 7th
Black Panther,NA,9786317233195,44,West 7th
The shape of water,NA,024543417675,42,West 7th
An American marriage : a novel,"Jones, Tayari, author.",9781616201340,41,West 7th
Coco,NA,786936856255,41,West 7th
Alternate side : a novel,"Quindlen, Anna, author.",9780812996067,40,West 7th
Desolation mountain : a novel,"Krueger, William Kent, author.",9781501147463,40,West 7th
Blade runner 2049,NA,883929571888,39,West 7th
Lady Bird,NA,031398277460,39,West 7th
The wanted,"Crais, Robert, author.",9780399161506,38,West 7th
"Darkness, sing me a song","Housewright, David, 1955- author.",9781250094476,38,West 7th
The woman in the window,"Finn, A. J., author.",9780062678416,38,West 7th
Two kinds of truth,"Connelly, Michael, 1956-",9780316225908,37,West 7th
Dunkirk,NA,883929570713,37,West 7th
Call me by your name,NA,043396523821,37,West 7th
There there : a novel,"Orange, Tommy, 1982- author.",9780525520375,37,West 7th
Sulfur Springs,"Krueger, William Kent.",9781501147340,36,West 7th
The rooster bar,"Grisham, John, author.",9780385541176,36,West 7th
The greatest showman,NA,024543327912,36,West 7th
"Sing, unburied, sing : a novel","Ward, Jesmyn, author.",9781501126062,35,West 7th
Deep freeze,"Sandford, John, 1944 February 23-",9780399176067,35,West 7th
Prairie fires : the American dreams of Laura Ingalls Wilder,"Fraser, Caroline, author.",9781250182487,35,West 7th
Consumer Reports 2018.,NA,NA,35,West 7th
Darkest hour,NA,025192396717,35,West 7th
Jumanji. Welcome to the jungle / Columbia Pictures presents ; a Matt Tolmach,NA,043396488526,35,West 7th
Future home of the living god : a novel,"Erdrich, Louise, author.",0062694057,34,West 7th
Alter ego,"Freeman, Brian, 1963- author.",9781681441290,34,West 7th
American made,NA,025192316180,33,West 7th
Oprah magazine 2018.,NA,NA,33,West 7th
The Post,NA,024543470854,33,West 7th
The president is missing,"Clinton, Bill, 1946- author.",9780316412698,33,West 7th
Before we were yours : a novel,"Wingate, Lisa, author.",9780425284681,32,West 7th
"Wonder Woman / directed by Patty Jenkins ; screenplay by Allan Heinberg ; produced by Charles Roven ; produced by Deborah Snyder, Zack Snyder ; produced by Richard Suckle ; a Warner Bros. Pictures presentation ; in association with Rat-Pac Dune Entertainment, Tencent Pictures and Wanda Pictures ; an Atlas Entertainment",NA,883929552979,32,West 7th
The midnight line : a Jack Reacher novel,"Child, Lee, author.",9780399593482,32,West 7th
The Story of Arthur Truluv : a novel,"Berg, Elizabeth, author.",9781400069903,32,West 7th
Phantom thread,NA,191329052952,32,West 7th
The immortalists : a novel,"Benjamin, Chloe, author.",9780735213180,31,West 7th
Murder on the Orient Express,NA,024543393979,31,West 7th
Evicted : poverty and profit in the American city,"Desmond, Matthew, author.",9780553447439,30,West 7th
Hardcore twenty-four,"Evanovich, Janet, author.",9780399179198,30,West 7th
The handmaid's tale. Season 1,NA,883904360995,30,West 7th
Avengers: infinity war,NA,786936856910,30,West 7th
